Tag_A,Tag_B,Tag_C,Tag_D,Tag_E,Tag_F,Tag_G,Tag_H,Tag_I,Tag_J,Tag_K,Tag_L,Tag_M,Tag_N,Tag_O,Tag_P,Tag_Q,Tag_R,Tag_S,Tag_T,Tag_U,Tag_V,Tag_W,Tag_X,Tag_Y,Tag_Z
<a>,<b>,<canvas>,<data>,<em>,<fieldset>,,<h1>,<i>,,<kbd>,<label>,<main>,<nav>,<object>,<p>,<q>,<rb>,<s>,<table>,<u>,<var>,<wbr>,<xmp>,,
<abbr>,<base>,<caption>,<datalist>,<embed>,<figcaption>,,<head>,<iframe>,,<keygen>,<legend>,<map>,<nobr>,<ol>,<param>,,<rp>,<samp>,<tbody>,<ul>,<video>,,,,
<acronym>,<bdi>,<center>,<dd>,,<figure>,,<header>,<image>,,,<li>,<mark>,<noembed>,<optgroup>,<picture>,,<rt>,<script>,<td>,,,,,,
<address>,<bdo>,<cite>,<del>,,<font>,,<hgroup>,<img>,,,<link>,<marquee>,<noframes>,<option>,<plaintext>,,<rtc>,<section>,<template>,,,,,,
<applet>,<bgsound>,<code>,<details>,,<footer>,,<hr>,<input>,,,,<menu>,<noscript>,<output>,<portal>,,<ruby>,<select>,<textarea>,,,,,,
<area>,<big>,<col>,<dfn>,,<form>,,<html>,<ins>,,,,<menuitem>,,,<pre>,,,<shadow>,<tfoot>,,,,,,
<article>,<blink>,<colgroup>,<dialog>,,<frame>,,,,,,,<meta>,,,<progress>,,,<slot>,<th>,,,,,,
<aside>,<blockquote>,<content>,<dir>,,<frameset>,,,,,,,<meter>,,,,,,<small>,<thead>,,,,,,
<audio>,<body>,,<div>,,,,,,,,,,,,,,,<source>,<time>,,,,,,
,<br>,,<dl>,,,,,,,,,,,,,,,<spacer>,<title>,,,,,,
,<button>,,<dt>,,,,,,,,,,,,,,,<span>,<tr>,,,,,,
,,,,,,,,,,,,,,,,,,<strike>,<track>,,,,,,
,,,,,,,,,,,,,,,,,,<strong>,<tt>,,,,,,
,,,,,,,,,,,,,,,,,,<style>,,,,,,,
,,,,,,,,,,,,,,,,,,<sub>,,,,,,,
,,,,,,,,,,,,,,,,,,<summary>,,,,,,,
,,,,,,,,,,,,,,,,,,<sup>,,,,,,,